gene	n	rounds	dist_s	nj_s	trace_s	ties	fresh@8	fresh@16	fresh@32	fresh@64	fresh@128	static@8	static@16	static@32	static@64	static@128	cert@8	cert@16	cert@32	cert@64	cert@128	mean_rank_fresh	max_rank_fresh	mean_rank_static	max_rank_static
A2AB	238	236	0.03	0.13	0.10	2	0.9788	0.9915	1.0000	1.0000	1.0000	0.9364	0.9915	0.9958	1.0000	1.0000	0.2754	0.6017	0.7542	1.0000	1.0000	0.96	22	2.12	41
ADORA3	384	382	0.05	0.25	0.25	3	0.9686	0.9764	1.0000	1.0000	1.0000	0.9634	0.9843	0.9895	0.9921	0.9974	0.0262	0.0497	0.2435	1.0000	1.0000	0.79	28	1.97	128
ADRB2	163	161	0.02	0.09	0.06	2	0.9627	0.9876	1.0000	1.0000	1.0000	0.9565	0.9752	1.0000	1.0000	1.0000	0.1180	0.4783	0.8758	1.0000	1.0000	0.93	19	1.88	30
APOB	509	507	0.15	0.31	0.45	2	0.9112	0.9546	0.9822	0.9921	1.0000	0.8383	0.9014	0.9507	0.9882	1.0000	0.0138	0.0296	0.0809	0.2249	0.6331	3.06	90	5.59	95
APP	359	357	0.07	0.22	0.22	6	0.9664	0.9832	0.9972	1.0000	1.0000	0.9496	0.9804	0.9916	0.9944	1.0000	0.1289	0.1569	0.1653	0.2241	0.7871	1.00	47	2.31	106
ATP7	379	377	0.09	0.23	0.24	2	0.9735	0.9867	0.9973	1.0000	1.0000	0.9496	0.9708	0.9867	0.9894	1.0000	0.0159	0.0398	0.0875	0.8143	0.8355	1.44	32	3.16	116
BCHE	242	240	0.03	0.15	0.11	4	0.9667	0.9833	1.0000	1.0000	1.0000	0.9417	0.9792	0.9833	0.9917	0.9958	0.0333	0.0875	0.2792	0.4875	1.0000	0.95	22	2.77	128
BDNF	457	455	0.11	0.27	0.36	4	1.0000	1.0000	1.0000	1.0000	1.0000	0.9758	0.9868	0.9956	0.9978	1.0000	0.0835	0.1363	0.2088	0.3011	1.0000	0.22	7	1.23	111
BMI1	140	138	0.01	0.08	0.05	2	0.9928	1.0000	1.0000	1.0000	1.0000	0.9928	1.0000	1.0000	1.0000	1.0000	0.0725	0.1014	0.2464	0.6884	0.9130	0.31	9	0.61	8
BRCA1	913	911	0.42	0.67	1.81	5	0.6696	0.7695	0.9780	0.9934	0.9989	0.6213	0.7190	0.9177	0.9813	0.9945	0.0066	0.0198	0.0406	0.0714	0.1416	7.50	128	10.89	128
BRCA2	229	227	0.03	0.13	0.09	3	0.9031	0.9251	0.9692	1.0000	1.0000	0.7489	0.8634	0.9295	0.9868	1.0000	0.0441	0.0661	0.1366	0.4581	0.8767	3.10	46	7.19	107
CNR1	306	304	0.05	0.19	0.16	3	0.9704	0.9967	1.0000	1.0000	1.0000	0.9638	0.9868	0.9934	1.0000	1.0000	0.1546	0.2533	0.2961	0.4704	0.8882	0.71	27	1.58	49
COI	1608	1606	1.37	1.54	9.68	2	0.8400	0.8979	0.9303	0.9533	0.9664	0.6974	0.7771	0.8400	0.8861	0.9172	0.0068	0.0293	0.0579	0.0803	0.1270	8.53	128	18.41	128
CREM	283	281	0.03	0.13	0.15	3	0.9786	0.9893	1.0000	1.0000	1.0000	0.9644	0.9751	0.9858	0.9964	1.0000	0.0819	0.1459	0.3630	0.8612	1.0000	0.72	25	1.96	82
CYTB	3523	3521	8.81	11.84	96.77	2	0.8625	0.8836	0.9009	0.9139	0.9296	0.8239	0.9020	0.9565	0.9832	0.9974	0.0017	0.0057	0.0156	0.0258	0.0386	12.03	128	5.79	128
DMP1	352	350	0.08	0.20	0.21	2	0.9600	0.9743	0.9943	1.0000	1.0000	0.9371	0.9629	0.9800	0.9971	1.0000	0.0257	0.0486	0.4029	0.7200	1.0000	1.63	38	2.97	71
EDG1	255	253	0.04	0.14	0.11	3	0.9763	0.9960	1.0000	1.0000	1.0000	0.9723	1.0000	1.0000	1.0000	1.0000	0.2609	0.3953	0.5217	0.9486	1.0000	0.47	16	0.98	14
ENAM	153	151	0.02	0.08	0.05	2	0.8874	0.9205	1.0000	1.0000	1.0000	0.7020	0.8808	0.9801	1.0000	1.0000	0.0397	0.1192	0.6755	0.9338	1.0000	2.54	29	5.95	37
FBN1	252	250	0.03	0.14	0.11	3	0.9920	0.9960	1.0000	1.0000	1.0000	0.9680	0.9720	0.9880	0.9920	1.0000	0.0560	0.1240	0.2960	0.3280	0.5840	0.34	24	2.21	111
GHR	926	924	0.47	0.65	1.84	2	0.9113	0.9729	0.9935	1.0000	1.0000	0.8117	0.9015	0.9913	1.0000	1.0000	0.0184	0.0281	0.2273	0.7565	1.0000	2.45	51	4.50	62
IRBP	1252	1250	0.85	0.97	4.06	3	0.9904	0.9976	0.9984	1.0000	1.0000	0.9696	0.9896	0.9944	0.9984	0.9992	0.0048	0.0360	0.2944	0.5176	0.6320	0.44	36	1.39	128
ND1	941	939	0.64	0.67	1.89	2	0.8253	0.8466	0.8605	0.8850	0.9318	0.8903	0.9617	0.9883	0.9979	1.0000	0.1001	0.2055	0.2758	0.3504	0.4952	15.73	128	3.82	123
ND2	940	938	0.53	0.66	1.89	2	0.8454	0.8625	0.8795	0.9030	0.9446	0.7889	0.8923	0.9584	0.9915	0.9989	0.0736	0.1322	0.2409	0.3038	0.4414	13.16	128	5.58	128
PLCB4	430	428	0.07	0.25	0.31	3	0.9907	0.9977	1.0000	1.0000	1.0000	0.9673	0.9907	0.9977	1.0000	1.0000	0.0771	0.1355	0.2079	0.3388	0.9276	0.99	28	1.82	33
PNOC	365	363	0.05	0.21	0.22	2	0.9862	0.9917	1.0000	1.0000	1.0000	0.9614	0.9807	0.9945	0.9972	0.9972	0.1460	0.1846	0.3306	0.5289	1.0000	0.45	25	1.58	128
RAG1A	553	551	0.16	0.34	0.53	2	0.8149	0.8947	0.9510	0.9819	0.9964	0.7278	0.7949	0.8748	0.9564	0.9891	0.0526	0.0653	0.1016	0.1779	0.4846	6.01	128	11.69	128
RAG1B	855	853	0.38	0.58	1.50	2	0.8746	0.9261	0.9742	1.0000	1.0000	0.7948	0.8640	0.9343	0.9859	1.0000	0.0070	0.0258	0.0574	0.1114	0.4349	3.54	59	6.50	78
RAG2	836	834	0.29	0.57	1.44	3	0.9676	0.9844	0.9892	0.9952	1.0000	0.9089	0.9520	0.9736	0.9856	0.9916	0.0228	0.0516	0.0707	0.1031	0.1787	1.32	106	3.96	128
TTN	269	267	0.05	0.15	0.12	2	0.8315	0.8727	0.9176	0.9476	1.0000	0.6479	0.8015	0.8876	0.9438	1.0000	0.0375	0.0562	0.1124	0.2547	0.9288	8.33	112	12.35	117
TYR1	289	287	0.04	0.16	0.14	3	0.7944	0.9094	0.9965	1.0000	1.0000	0.6690	0.7909	0.9930	1.0000	1.0000	0.0383	0.0697	0.1394	0.6237	1.0000	4.15	32	7.58	34
VWF	755	753	0.29	0.50	1.12	2	0.3811	0.9761	0.9934	1.0000	1.0000	0.3187	0.9363	0.9987	1.0000	1.0000	0.0199	0.0478	0.2457	0.9004	1.0000	7.85	44	9.16	38
